election_id,region_id,slot,candidate_name,predicted_share,region_name,actual_votes,contest_votes,all_valid_votes,actual_contest_share,actual_raw_share,error_pp,absolute_error_pp
pres_2025,sido_11,A,이재명,0.5603003692096424,서울특별시,3105459.0,6499210.0,6589108.0,0.47782099670575345,0.4713018818328672,8.247937250388897,8.247937250388897
pres_2025,sido_26,A,이재명,0.4836131589637387,부산광역시,895213.0,2209924.0,2230212.0,0.4050876862733741,0.4014026469232521,7.852547269036458,7.852547269036458
pres_2025,sido_27,A,이재명,0.3369987714904341,대구광역시,379130.0,1618419.0,1632312.0,0.2342594841014595,0.23226564529330176,10.273928738897462,10.273928738897462
pres_2025,sido_28,A,이재명,0.5797682040013353,인천광역시,1044295.0,1997986.0,2020827.0,0.5226738325493773,0.516766155638261,5.709437145195806,5.709437145195806
pres_2025,sido_29,A,이재명,0.8527162062319993,광주광역시,844682.0,986723.0,996424.0,0.8560477459226146,0.8477134232013681,-0.33315396906152817,0.33315396906152817
pres_2025,sido_30,A,이재명,0.5296236177847529,대전광역시,470321.0,958594.0,969608.0,0.4906362860606263,0.48506303578353316,3.898733172412655,3.898733172412655
pres_2025,sido_31,A,이재명,0.4952743478979531,울산광역시,315820.0,732177.0,742375.0,0.43134378708973375,0.4254184206095302,6.393056080821935,6.393056080821935
pres_2025,sido_36,A,이재명,0.6147696532056922,세종특별자치시,140620.0,249589.0,252785.0,0.563406239858327,0.5562830072986925,5.136341334736516,5.136341334736516
pres_2025,sido_41,A,이재명,0.5842196604645999,경기도,4821148.0,9142203.0,9234633.0,0.5273507928012537,0.5220725068337854,5.68688676633462,5.68688676633462
pres_2025,sido_42,A,이재명,0.5050295715562936,강원특별자치도,449161.0,1011225.0,1021784.0,0.44417513411950854,0.439585078646759,6.085443743678503,6.085443743678503
pres_2025,sido_43,A,이재명,0.53376939611399,충청북도,501990.0,1046039.0,1057436.0,0.47989606506067173,0.47472376578818953,5.387333105331827,5.387333105331827
pres_2025,sido_44,A,이재명,0.5002740958701517,충청남도,661316.0,1372516.0,1386928.0,0.48182753425096686,0.4768207145576411,1.8446561619184842,1.8446561619184842
pres_2025,sido_45,A,이재명,0.8374587237204046,전북특별자치도,1023272.0,1226229.0,1238009.0,0.83448686990766,0.8265464952193401,0.29718538127446736,0.29718538127446736
pres_2025,sido_46,A,이재명,0.8519032653677245,전라남도,1111941.0,1283387.0,1294843.0,0.8664113007222295,0.8587458093375027,-1.4508035354504956,1.4508035354504956
pres_2025,sido_47,A,이재명,0.3264268133535153,경상북도,442683.0,1718371.0,1734043.0,0.25761782525426696,0.25528951704196495,6.880898809924835,6.880898809924835
pres_2025,sido_48,A,이재명,0.4735460208308669,경상남도,851733.0,2137155.0,2161642.0,0.3985359040406522,0.39402130417525194,7.5010116790214685,7.5010116790214685
pres_2025,sido_50,A,이재명,0.6348201774516061,제주특별자치도,228729.0,410928.0,417647.0,0.5566157575049644,0.5476610630508539,7.820441994664174,7.820441994664174
pres_2025,sido_11,B,김문수,0.3483309883954819,서울특별시,2738405.0,6499210.0,6589108.0,0.4213442864594312,0.4155957073400527,-7.301329806394935,7.301329806394935
pres_2025,sido_26,B,김문수,0.4520390553092619,부산광역시,1146238.0,2209924.0,2230212.0,0.5186775653823389,0.5139592110525816,-6.663851007307697,6.663851007307697
pres_2025,sido_27,B,김문수,0.5901026029617975,대구광역시,1103913.0,1618419.0,1632312.0,0.6820934504599859,0.6762879890609148,-9.199084749818843,9.199084749818843
pres_2025,sido_28,B,김문수,0.3413469481309817,인천광역시,776952.0,1997986.0,2020827.0,0.38886758966279045,0.3844722977276135,-4.752064153180874,4.752064153180874
pres_2025,sido_29,B,김문수,0.0269084757884637,광주광역시,79937.0,986723.0,996424.0,0.08101260434792744,0.08022388059701492,-5.410412855946374,5.410412855946374
pres_2025,sido_30,B,김문수,0.3188373178840957,대전광역시,393549.0,958594.0,969608.0,0.4105481569882557,0.4058846461662858,-9.171083910416,9.171083910416
pres_2025,sido_31,B,김문수,0.4409945737824051,울산광역시,353180.0,732177.0,742375.0,0.4823697002227603,0.4757433911432901,-4.137512644035524,4.137512644035524
pres_2025,sido_36,B,김문수,0.2603336225710253,세종특별자치시,83965.0,249589.0,252785.0,0.33641306307569646,0.33215974049093105,-7.607944050467114,7.607944050467114
pres_2025,sido_41,B,김문수,0.331134430330565,경기도,3504620.0,9142203.0,9234633.0,0.38334523965394335,0.3795083139741449,-5.221080932337835,5.221080932337835
pres_2025,sido_42,B,김문수,0.4335021265052201,강원특별자치도,483360.0,1011225.0,1021784.0,0.47799451160720907,0.47305497052214557,-4.449238510198899,4.449238510198899
pres_2025,sido_43,B,김문수,0.3833385272024722,충청북도,457065.0,1046039.0,1057436.0,0.4369483355783102,0.4322389250980674,-5.360980837583801,5.360980837583801
pres_2025,sido_44,B,김문수,0.3582502831667579,충청남도,600108.0,1372516.0,1386928.0,0.43723206141130594,0.43268864713957755,-7.898177824454805,7.898177824454805
pres_2025,sido_45,B,김문수,0.0597720560652276,전북특별자치도,134996.0,1226229.0,1238009.0,0.11009036648130162,0.10904282602145865,-5.031831041607402,5.031831041607402
pres_2025,sido_46,B,김문수,0.0359369383614935,전라남도,110624.0,1283387.0,1294843.0,0.08619691488226076,0.08543429589533248,-5.025997652076726,5.025997652076726
pres_2025,sido_47,B,김문수,0.6112852040833706,경상북도,1159594.0,1718371.0,1734043.0,0.674821677041803,0.6687227479364699,-6.353647295843235,6.353647295843235
pres_2025,sido_48,B,김문수,0.4686764202951178,경상남도,1123843.0,2137155.0,2161642.0,0.5258593784727827,0.5199024630350446,-5.718295817766494,5.718295817766494
pres_2025,sido_50,B,김문수,0.2927963600000421,제주특별자치도,145290.0,410928.0,417647.0,0.35356558813222755,0.3478775137855653,-6.076922813218544,6.076922813218544
pres_2025,sido_11,C,이준석,0.0913686423948757,서울특별시,655346.0,6499210.0,6589108.0,0.1008347168348153,0.09945898595075388,-0.9466074439939604,0.9466074439939604
pres_2025,sido_26,C,이준석,0.0643477857269994,부산광역시,168473.0,2209924.0,2230212.0,0.07623474834428695,0.07554124899336924,-1.1886962617287555,1.1886962617287555
pres_2025,sido_27,C,이준석,0.0728986255477683,대구광역시,135376.0,1618419.0,1632312.0,0.08364706543855455,0.08293512514764334,-1.0748439890786248,1.0748439890786248
pres_2025,sido_28,C,이준석,0.078884847867683,인천광역시,176739.0,1997986.0,2020827.0,0.08845857778783235,0.08745874832432464,-0.9573729920149349,0.9573729920149349
pres_2025,sido_29,C,이준석,0.120375317979537,광주광역시,62104.0,986723.0,996424.0,0.06293964972945801,0.06232688092619206,5.7435668250079,5.7435668250079
pres_2025,sido_30,C,이준석,0.1515390643311515,대전광역시,94724.0,958594.0,969608.0,0.09881555695111799,0.09769308834085527,5.27235073800335,5.27235073800335
pres_2025,sido_31,C,이준석,0.0637310783196418,울산광역시,63177.0,732177.0,742375.0,0.0862865126875059,0.0851011954874558,-2.25554343678641,2.25554343678641
pres_2025,sido_36,C,이준석,0.1248967242232824,세종특별자치시,25004.0,249589.0,252785.0,0.10018069706597646,0.09891409695986708,2.4716027157305933,2.4716027157305933
pres_2025,sido_41,C,이준석,0.0846459092048351,경기도,816435.0,9142203.0,9234633.0,0.08930396754480294,0.08841011873455068,-0.4658058339967838,0.4658058339967838
pres_2025,sido_42,C,이준석,0.0614683019384863,강원특별자치도,78704.0,1011225.0,1021784.0,0.0778303542732824,0.0770260642170948,-1.6362052334796102,1.6362052334796102
pres_2025,sido_43,C,이준석,0.0828920766835377,충청북도,86984.0,1046039.0,1057436.0,0.08315559936101809,0.08225935186621224,-0.026352267748039337,0.026352267748039337
pres_2025,sido_44,C,이준석,0.1414756209630903,충청남도,111092.0,1372516.0,1386928.0,0.08094040433772721,0.08009932743444505,6.053521662536308,6.053521662536308
pres_2025,sido_45,C,이준석,0.1027692202143677,전북특별자치도,67961.0,1226229.0,1238009.0,0.05542276361103839,0.05489540059886479,4.73464566033293,4.73464566033293
pres_2025,sido_46,C,이준석,0.1121597962707818,전라남도,60822.0,1283387.0,1294843.0,0.047391784395509694,0.0469724901011165,6.476801187527212,6.476801187527212
pres_2025,sido_47,C,이준석,0.062287982563114,경상북도,116094.0,1718371.0,1734043.0,0.06756049770393006,0.06694989685953578,-0.5272515140816065,0.5272515140816065
pres_2025,sido_48,C,이준석,0.0577775588740152,경상남도,161579.0,2137155.0,2161642.0,0.07560471748656508,0.0747482700650709,-1.7827158612549883,1.7827158612549883
pres_2025,sido_50,C,이준석,0.0723834625483517,제주특별자치도,36909.0,410928.0,417647.0,0.08981865436280809,0.08837367441882739,-1.743519181445638,1.743519181445638
